<?xml version="1.0" encoding="UTF-8" ?>
<!-- This is a WordPress eXtended RSS file generated by WordPress as an export of your site. -->
<!-- It contains information about your site's posts, pages, comments, categories, and other content. -->
<!-- You may use this file to transfer that content from one site to another. -->
<!-- This file is not intended to serve as a complete backup of your site. -->

<!-- To import this information into a WordPress site follow these steps: -->
<!-- 1. Log in to that site as an administrator. -->
<!-- 2. Go to Tools: Import in the WordPress admin panel. -->
<!-- 3. Install the "WordPress" importer from the list. -->
<!-- 4. Activate & Run Importer. -->
<!-- 5. Upload this file using the form provided on that page. -->
<!-- 6. You will first be asked to map the authors in this export file to users -->
<!--    on the site. For each author, you may choose to map to an -->
<!--    existing user on the site or to create a new user. -->
<!-- 7. WordPress will then import each of the posts, pages, comments, categories, etc. -->
<!--    contained in this file into your site. -->

	<!-- generator="WordPress/5.1" created="2019-03-04 18:43" -->
<rss version="2.0"
	xmlns:excerpt="http://wordpress.org/export/1.2/excerpt/"
	xmlns:content="http://purl.org/rss/1.0/modules/content/"
	xmlns:wfw="http://wellformedweb.org/CommentAPI/"
	xmlns:dc="http://purl.org/dc/elements/1.1/"
	xmlns:wp="http://wordpress.org/export/1.2/"
>

<channel>
	<title>Jordan&#039;s Favorite Music</title>
	<link>http://localhost:8888/2030-a8-starter</link>
	<description>the best music.</description>
	<pubDate>Mon, 04 Mar 2019 18:43:50 +0000</pubDate>
	<language>en-US</language>
	<wp:wxr_version>1.2</wp:wxr_version>
	<wp:base_site_url>http://localhost:8888/2030-a8-starter</wp:base_site_url>
	<wp:base_blog_url>http://localhost:8888/2030-a8-starter</wp:base_blog_url>

		<wp:author><wp:author_id>1</wp:author_id><wp:author_login><![CDATA[jordan]]></wp:author_login><wp:author_email><![CDATA[jordanmiller@langara.ca]]></wp:author_email><wp:author_display_name><![CDATA[jordan]]></wp:author_display_name><wp:author_first_name><![CDATA[]]></wp:author_first_name><wp:author_last_name><![CDATA[]]></wp:author_last_name></wp:author>

				
	<generator>https://wordpress.org/?v=5.1</generator>

		<item>
		<title>
				Janelle Monáe		</title>
		<link>http://localhost:8888/2030-a8-starter/rb/janelle-monae/</link>
		<pubDate>Mon, 04 Mar 2019 03:18:54 +0000</pubDate>
		<dc:creator><![CDATA[jordan]]></dc:creator>
		<guid isPermaLink="false">http://localhost:8888/2030-a8-starter/?p=6</guid>
		<description></description>
		<content:encoded>
				<![CDATA[<!-- wp:paragraph -->
<p>Image By <a href="//commons.wikimedia.org/wiki/User:Slackernrrd">Kim Metso</a> - Own work, <a href="https://creativecommons.org/licenses/by-sa/4.0">CC BY-SA 4.0</a>, <a href="https://commons.wikimedia.org/w/index.php?curid=41219736">Link</a><br></p>
<!-- /wp:paragraph -->

<!-- wp:paragraph -->
<p>Text from <a href="https://en.wikipedia.org/wiki/Janelle_Mon%C3%A1e">Wikipedia</a><br></p>
<!-- /wp:paragraph -->

<!-- wp:paragraph -->
<p><strong>Janelle Monáe Robinson</strong> (<a href="https://en.wikipedia.org/wiki/Help:IPA/English">/dʒəˈnɛl moʊˈneɪ/</a>;<sup><a href="https://en.wikipedia.org/wiki/Janelle_Mon%C3%A1e#cite_note-8">[8]</a></sup> born December 1, 1985)<sup><a href="https://en.wikipedia.org/wiki/Janelle_Mon%C3%A1e#cite_note-9">[9]</a></sup> is an American singer, songwriter, actress, and producer. She is signed to <a href="https://en.wikipedia.org/wiki/Atlantic_Records">Atlantic Records</a>, as well as her own imprint, the Wondaland Arts Society.
</p>
<!-- /wp:paragraph -->

<!-- wp:paragraph -->
<p>After her first unofficial studio album, <em><a href="https://en.wikipedia.org/wiki/The_Audition_(album)">The Audition</a></em>, she publicly debuted with a conceptual <a href="https://en.wikipedia.org/wiki/Extended_play">EP</a> titled <em><a href="https://en.wikipedia.org/wiki/Metropolis:_Suite_I_(The_Chase)">Metropolis: Suite I (The Chase)</a></em>.<sup><a href="https://en.wikipedia.org/wiki/Janelle_Mon%C3%A1e#cite_note-10">[10]</a></sup> In 2010, through <a href="https://en.wikipedia.org/wiki/Bad_Boy_Records">Bad Boy Records</a>, Monáe released her first full-length studio album, <em><a href="https://en.wikipedia.org/wiki/The_ArchAndroid">The ArchAndroid</a></em>, a <a href="https://en.wikipedia.org/wiki/Concept_album">concept album</a> and <a href="https://en.wikipedia.org/wiki/Sequel">sequel</a> to her first EP.<sup><a href="https://en.wikipedia.org/wiki/Janelle_Mon%C3%A1e#cite_note-11">[11]</a></sup><sup><a href="https://en.wikipedia.org/wiki/Janelle_Mon%C3%A1e#cite_note-12">[12]</a></sup>
</p>
<!-- /wp:paragraph -->]]>		</content:encoded>
		<excerpt:encoded>
				<![CDATA[]]>		</excerpt:encoded>
		<wp:post_id>6</wp:post_id>
		<wp:post_date><![CDATA[2019-03-04 03:18:54]]></wp:post_date>
		<wp:post_date_gmt><![CDATA[2019-03-04 03:18:54]]></wp:post_date_gmt>
		<wp:comment_status><![CDATA[open]]></wp:comment_status>
		<wp:ping_status><![CDATA[open]]></wp:ping_status>
		<wp:post_name><![CDATA[janelle-monae]]></wp:post_name>
		<wp:status><![CDATA[publish]]></wp:status>
		<wp:post_parent>0</wp:post_parent>
		<wp:menu_order>0</wp:menu_order>
		<wp:post_type><![CDATA[post]]></wp:post_type>
		<wp:post_password><![CDATA[]]></wp:post_password>
		<wp:is_sticky>0</wp:is_sticky>
										<category domain="post_tag" nicename="androids"><![CDATA[androids]]></category>
		<category domain="post_tag" nicename="producer"><![CDATA[producer]]></category>
		<category domain="post_tag" nicename="progressive-pop"><![CDATA[progressive-pop]]></category>
		<category domain="category" nicename="rb"><![CDATA[R&amp;B]]></category>
						</item>
				</channel>
</rss>
	