<?xml version="1.0" encoding="UTF-8" ?>
<!-- This is a WordPress eXtended RSS file generated by WordPress as an export of your site. -->
<!-- It contains information about your site's posts, pages, comments, categories, and other content. -->
<!-- You may use this file to transfer that content from one site to another. -->
<!-- This file is not intended to serve as a complete backup of your site. -->

<!-- To import this information into a WordPress site follow these steps: -->
<!-- 1. Log in to that site as an administrator. -->
<!-- 2. Go to Tools: Import in the WordPress admin panel. -->
<!-- 3. Install the "WordPress" importer from the list. -->
<!-- 4. Activate & Run Importer. -->
<!-- 5. Upload this file using the form provided on that page. -->
<!-- 6. You will first be asked to map the authors in this export file to users -->
<!--    on the site. For each author, you may choose to map to an -->
<!--    existing user on the site or to create a new user. -->
<!-- 7. WordPress will then import each of the posts, pages, comments, categories, etc. -->
<!--    contained in this file into your site. -->

	<!-- generator="WordPress/5.1.1" created="2019-04-13 01:27" -->
<rss version="2.0"
	xmlns:excerpt="http://wordpress.org/export/1.2/excerpt/"
	xmlns:content="http://purl.org/rss/1.0/modules/content/"
	xmlns:wfw="http://wellformedweb.org/CommentAPI/"
	xmlns:dc="http://purl.org/dc/elements/1.1/"
	xmlns:wp="http://wordpress.org/export/1.2/"
>

<channel>
	<title>2030 Final Exam: Physics Edition</title>
	<link>http://localhost:8888/final-duplicator</link>
	<description></description>
	<pubDate>Sat, 13 Apr 2019 01:27:52 +0000</pubDate>
	<language>en-US</language>
	<wp:wxr_version>1.2</wp:wxr_version>
	<wp:base_site_url>http://localhost:8888/final-duplicator</wp:base_site_url>
	<wp:base_blog_url>http://localhost:8888/final-duplicator</wp:base_blog_url>

		<wp:author><wp:author_id>1</wp:author_id><wp:author_login><![CDATA[jordan]]></wp:author_login><wp:author_email><![CDATA[jordanmiller@langara.ca]]></wp:author_email><wp:author_display_name><![CDATA[jordan]]></wp:author_display_name><wp:author_first_name><![CDATA[]]></wp:author_first_name><wp:author_last_name><![CDATA[]]></wp:author_last_name></wp:author>

				
	<generator>https://wordpress.org/?v=5.1.1</generator>

		<item>
		<title>
				Rosalind Franklin		</title>
		<link>http://localhost:8888/final-duplicator/2019/04/12/rosalind-franklin/</link>
		<pubDate>Fri, 12 Apr 2019 21:03:11 +0000</pubDate>
		<dc:creator><![CDATA[jordan]]></dc:creator>
		<guid isPermaLink="false">http://localhost:8888/final-duplicator/?p=14</guid>
		<description></description>
		<content:encoded>
				<![CDATA[<!-- wp:paragraph -->
<p>From <a href="https://en.wikipedia.org/wiki/Rosalind_Franklin">Wikipedia</a></p>
<!-- /wp:paragraph -->

<!-- wp:paragraph -->
<p></p>
<!-- /wp:paragraph -->

<!-- wp:paragraph -->
<p><strong>Rosalind Elsie Franklin</strong> (25 July 1920 – 16 April 1958)<sup><a href="https://en.wikipedia.org/wiki/Rosalind_Franklin#cite_note-nlm-bio-1">[1]</a></sup> was an English <a href="https://en.wikipedia.org/wiki/Chemist">chemist</a> and <a href="https://en.wikipedia.org/wiki/X-ray_crystallographer">X-ray crystallographer</a> who made contributions to the understanding of the molecular structures of <a href="https://en.wikipedia.org/wiki/DNA">DNA</a> (deoxyribonucleic acid), <a href="https://en.wikipedia.org/wiki/RNA">RNA</a> (ribonucleic acid), <a href="https://en.wikipedia.org/wiki/Viruses">viruses</a>, <a href="https://en.wikipedia.org/wiki/Coal">coal</a>, and <a href="https://en.wikipedia.org/wiki/Graphite">graphite</a>.<sup><a href="https://en.wikipedia.org/wiki/Rosalind_Franklin#cite_note-nlm-coal-2">[2]</a></sup>  Although her works on coal and viruses were appreciated in her  lifetime, her contributions to the discovery of the structure of DNA  were largely recognised posthumously. </p>
<!-- /wp:paragraph -->]]>		</content:encoded>
		<excerpt:encoded>
				<![CDATA[]]>		</excerpt:encoded>
		<wp:post_id>14</wp:post_id>
		<wp:post_date><![CDATA[2019-04-12 21:03:11]]></wp:post_date>
		<wp:post_date_gmt><![CDATA[2019-04-12 21:03:11]]></wp:post_date_gmt>
		<wp:comment_status><![CDATA[open]]></wp:comment_status>
		<wp:ping_status><![CDATA[open]]></wp:ping_status>
		<wp:post_name><![CDATA[rosalind-franklin]]></wp:post_name>
		<wp:status><![CDATA[publish]]></wp:status>
		<wp:post_parent>0</wp:post_parent>
		<wp:menu_order>0</wp:menu_order>
		<wp:post_type><![CDATA[post]]></wp:post_type>
		<wp:post_password><![CDATA[]]></wp:post_password>
		<wp:is_sticky>0</wp:is_sticky>
										<category domain="category" nicename="uncategorized"><![CDATA[Uncategorized]]></category>
						</item>
					<item>
		<title>
				Emmy Noether		</title>
		<link>http://localhost:8888/final-duplicator/2019/04/12/emmy-noether/</link>
		<pubDate>Fri, 12 Apr 2019 21:08:07 +0000</pubDate>
		<dc:creator><![CDATA[jordan]]></dc:creator>
		<guid isPermaLink="false">http://localhost:8888/final-duplicator/?p=16</guid>
		<description></description>
		<content:encoded>
				<![CDATA[<!-- wp:paragraph -->
<p>From <a href="https://en.wikipedia.org/wiki/Emmy_Noether">Wikipedia</a></p>
<!-- /wp:paragraph -->

<!-- wp:paragraph -->
<p><strong>Amalie Emmy Noether</strong><sup><a href="https://en.wikipedia.org/wiki/Emmy_Noether#cite_note-Rufname-1">[a]</a></sup> (German: <a href="https://en.wikipedia.org/wiki/Help:IPA/Standard_German">[ˈnøːtɐ]</a>; 23 March 1882 – 14 April 1935) was a German <a href="https://en.wikipedia.org/wiki/Mathematician">mathematician</a> who made important contributions to <a href="https://en.wikipedia.org/wiki/Abstract_algebra">abstract algebra</a> and <a href="https://en.wikipedia.org/wiki/Theoretical_physics">theoretical physics</a>.<sup><a href="https://en.wikipedia.org/wiki/Emmy_Noether#cite_note-2">[1]</a></sup> She invariably used the name "Emmy Noether" in her life and publications.<sup><a href="https://en.wikipedia.org/wiki/Emmy_Noether#cite_note-Rufname-1">[a]</a></sup> She was described by <a href="https://en.wikipedia.org/wiki/Pavel_Alexandrov">Pavel Alexandrov</a>, <a href="https://en.wikipedia.org/wiki/Albert_Einstein">Albert Einstein</a>, <a href="https://en.wikipedia.org/wiki/Jean_Dieudonn%C3%A9">Jean Dieudonné</a>, <a href="https://en.wikipedia.org/wiki/Hermann_Weyl">Hermann Weyl</a> and <a href="https://en.wikipedia.org/wiki/Norbert_Wiener">Norbert Wiener</a> as the most important <a href="https://en.wikipedia.org/wiki/List_of_women_in_mathematics">woman in the history of mathematics</a>.<sup><a href="https://en.wikipedia.org/wiki/Emmy_Noether#cite_note-einstein-3">[2]</a></sup><sup><a href="https://en.wikipedia.org/wiki/Emmy_Noether#cite_note-FOOTNOTEAlexandrov1981100-4">[3]</a></sup> As one of the leading mathematicians of her time, she developed the theories of <a href="https://en.wikipedia.org/wiki/Ring_(mathematics)">rings</a>, <a href="https://en.wikipedia.org/wiki/Field_(mathematics)">fields</a>, and <a href="https://en.wikipedia.org/wiki/Algebra_over_a_field">algebras</a>. In physics, <a href="https://en.wikipedia.org/wiki/Noether%27s_theorem">Noether's theorem</a> explains the connection between <a href="https://en.wikipedia.org/wiki/Symmetry_in_physics">symmetry</a> and <a href="https://en.wikipedia.org/wiki/Conservation_law_(physics)">conservation laws</a>.<sup><a href="https://en.wikipedia.org/wiki/Emmy_Noether#cite_note-neeman_1999-5">[4]</a></sup>
</p>
<!-- /wp:paragraph -->]]>		</content:encoded>
		<excerpt:encoded>
				<![CDATA[]]>		</excerpt:encoded>
		<wp:post_id>16</wp:post_id>
		<wp:post_date><![CDATA[2019-04-12 21:08:07]]></wp:post_date>
		<wp:post_date_gmt><![CDATA[2019-04-12 21:08:07]]></wp:post_date_gmt>
		<wp:comment_status><![CDATA[open]]></wp:comment_status>
		<wp:ping_status><![CDATA[open]]></wp:ping_status>
		<wp:post_name><![CDATA[emmy-noether]]></wp:post_name>
		<wp:status><![CDATA[publish]]></wp:status>
		<wp:post_parent>0</wp:post_parent>
		<wp:menu_order>0</wp:menu_order>
		<wp:post_type><![CDATA[post]]></wp:post_type>
		<wp:post_password><![CDATA[]]></wp:post_password>
		<wp:is_sticky>0</wp:is_sticky>
										<category domain="category" nicename="uncategorized"><![CDATA[Uncategorized]]></category>
						</item>
					<item>
		<title>
				Satyendra Nath Bose		</title>
		<link>http://localhost:8888/final-duplicator/2019/04/12/satyendra-nath-bose/</link>
		<pubDate>Fri, 12 Apr 2019 21:08:47 +0000</pubDate>
		<dc:creator><![CDATA[jordan]]></dc:creator>
		<guid isPermaLink="false">http://localhost:8888/final-duplicator/?p=18</guid>
		<description></description>
		<content:encoded>
				<![CDATA[<!-- wp:paragraph -->
<p>From <a href="https://en.wikipedia.org/wiki/Satyendra_Nath_Bose">Wikipedia</a></p>
<!-- /wp:paragraph -->

<!-- wp:paragraph -->
<p><strong>Satyendra Nath Bose</strong>, <a href="https://en.wikipedia.org/wiki/Fellow_of_the_Royal_Society">FRS</a><sup><a href="https://en.wikipedia.org/wiki/Satyendra_Nath_Bose#cite_note-frs-3">[3]</a></sup> (<a href="https://en.wikipedia.org/wiki/Bengali_language">Bengali</a>: সত্যেন্দ্রনাথ বসু <em>Sôtyendronath Bosu</em>, IPA:&nbsp;<a href="https://en.wikipedia.org/wiki/Help:IPA/Bengali">[ʃotːendronatʰ boʃu]</a>; 1 January 1894 – 4 February 1974) was an <a href="https://en.wikipedia.org/wiki/Indian_people">Indian</a>  <a href="https://en.wikipedia.org/wiki/Physicist">physicist</a> specialising in <a href="https://en.wikipedia.org/wiki/Theoretical_physics">theoretical physics</a>.  He is best known for his work on <a href="https://en.wikipedia.org/wiki/Quantum_mechanics">quantum mechanics</a> in the early 1920s, providing the foundation for <a href="https://en.wikipedia.org/wiki/Bose%E2%80%93Einstein_statistics">Bose–Einstein statistics</a> and the theory of the <a href="https://en.wikipedia.org/wiki/Bose%E2%80%93Einstein_condensate">Bose–Einstein condensate</a>. A <a href="https://en.wikipedia.org/wiki/Royal_Society#Fellows">Fellow</a> of the <a href="https://en.wikipedia.org/wiki/Royal_Society">Royal Society</a>, he was awarded India's second highest civilian award, the <a href="https://en.wikipedia.org/wiki/Padma_Vibhushan">Padma Vibhushan</a> in 1954 by the <a href="https://en.wikipedia.org/wiki/Government_of_India">Government of India</a>.<sup><a href="https://en.wikipedia.org/wiki/Satyendra_Nath_Bose#cite_note-FOOTNOTEWali2009xv,_xxxiv-4">[4]</a></sup><sup><a href="https://en.wikipedia.org/wiki/Satyendra_Nath_Bose#cite_note-Biography-5">[5]</a></sup><sup><a href="https://en.wikipedia.org/wiki/Satyendra_Nath_Bose#cite_note-SMahanti-6">[6]</a></sup>
</p>
<!-- /wp:paragraph -->]]>		</content:encoded>
		<excerpt:encoded>
				<![CDATA[]]>		</excerpt:encoded>
		<wp:post_id>18</wp:post_id>
		<wp:post_date><![CDATA[2019-04-12 21:08:47]]></wp:post_date>
		<wp:post_date_gmt><![CDATA[2019-04-12 21:08:47]]></wp:post_date_gmt>
		<wp:comment_status><![CDATA[open]]></wp:comment_status>
		<wp:ping_status><![CDATA[open]]></wp:ping_status>
		<wp:post_name><![CDATA[satyendra-nath-bose]]></wp:post_name>
		<wp:status><![CDATA[publish]]></wp:status>
		<wp:post_parent>0</wp:post_parent>
		<wp:menu_order>0</wp:menu_order>
		<wp:post_type><![CDATA[post]]></wp:post_type>
		<wp:post_password><![CDATA[]]></wp:post_password>
		<wp:is_sticky>0</wp:is_sticky>
										<category domain="category" nicename="uncategorized"><![CDATA[Uncategorized]]></category>
						</item>
					<item>
		<title>
				Chien-Shiung Wu		</title>
		<link>http://localhost:8888/final-duplicator/2019/04/12/chien-shiung-wu/</link>
		<pubDate>Fri, 12 Apr 2019 21:16:49 +0000</pubDate>
		<dc:creator><![CDATA[jordan]]></dc:creator>
		<guid isPermaLink="false">http://localhost:8888/final-duplicator/?p=20</guid>
		<description></description>
		<content:encoded>
				<![CDATA[<!-- wp:paragraph -->
<p>From <a href="https://en.wikipedia.org/wiki/Chien-Shiung_Wu">Wikipedia</a></p>
<!-- /wp:paragraph -->

<!-- wp:paragraph -->
<p><strong>Chien-Shiung Wu</strong> (<a href="https://en.wikipedia.org/wiki/Simplified_Chinese_characters">simplified Chinese</a>: 吴健雄; <a href="https://en.wikipedia.org/wiki/Traditional_Chinese_characters">traditional Chinese</a>: 吳健雄; <a href="https://en.wikipedia.org/wiki/Pinyin">pinyin</a>: <em>Wú Jiànxióng</em>; May 31, 1912&nbsp;– February 16, 1997) was a Chinese-American <a href="https://en.wikipedia.org/wiki/Experimental_physicist">experimental physicist</a> who made significant contributions in the field of <a href="https://en.wikipedia.org/wiki/Nuclear_physics">nuclear physics</a>. Wu worked on the <a href="https://en.wikipedia.org/wiki/Manhattan_Project">Manhattan Project</a>, where she helped develop the process for separating <a href="https://en.wikipedia.org/wiki/Uranium">uranium</a> metal into <a href="https://en.wikipedia.org/wiki/Uranium-235">uranium-235</a> and <a href="https://en.wikipedia.org/wiki/Uranium-238">uranium-238</a> <a href="https://en.wikipedia.org/wiki/Isotope">isotopes</a> by <a href="https://en.wikipedia.org/wiki/Gaseous_diffusion">gaseous diffusion</a>.  She is best known for conducting the <a href="https://en.wikipedia.org/wiki/Wu_experiment">Wu experiment</a>, which contradicted the hypothetical <a href="https://en.wikipedia.org/wiki/Parity_(physics)#Parity_violation">law of conservation of parity</a>. This discovery resulted in her colleagues <a href="https://en.wikipedia.org/wiki/Tsung-Dao_Lee">Tsung-Dao Lee</a> and <a href="https://en.wikipedia.org/wiki/Chen-Ning_Yang">Chen-Ning Yang</a> winning the 1957 <a href="https://en.wikipedia.org/wiki/Nobel_Prize_in_physics">Nobel Prize in physics</a>, and earned Wu the inaugural <a href="https://en.wikipedia.org/wiki/Wolf_Prize_in_Physics">Wolf Prize in Physics</a> in 1978. Her expertise in experimental physics evoked comparisons to <a href="https://en.wikipedia.org/wiki/Marie_Curie">Marie Curie</a>. Her nicknames include "the First Lady of Physics", "the Chinese Madame Curie", and the "Queen of Nuclear Research".<sup><a href="https://en.wikipedia.org/wiki/Chien-Shiung_Wu#cite_note-chiang-1">[1]</a></sup>
</p>
<!-- /wp:paragraph -->]]>		</content:encoded>
		<excerpt:encoded>
				<![CDATA[]]>		</excerpt:encoded>
		<wp:post_id>20</wp:post_id>
		<wp:post_date><![CDATA[2019-04-12 21:16:49]]></wp:post_date>
		<wp:post_date_gmt><![CDATA[2019-04-12 21:16:49]]></wp:post_date_gmt>
		<wp:comment_status><![CDATA[open]]></wp:comment_status>
		<wp:ping_status><![CDATA[open]]></wp:ping_status>
		<wp:post_name><![CDATA[chien-shiung-wu]]></wp:post_name>
		<wp:status><![CDATA[publish]]></wp:status>
		<wp:post_parent>0</wp:post_parent>
		<wp:menu_order>0</wp:menu_order>
		<wp:post_type><![CDATA[post]]></wp:post_type>
		<wp:post_password><![CDATA[]]></wp:post_password>
		<wp:is_sticky>0</wp:is_sticky>
										<category domain="category" nicename="uncategorized"><![CDATA[Uncategorized]]></category>
						</item>
					<item>
		<title>
				Erwin Schrödinger		</title>
		<link>http://localhost:8888/final-duplicator/2019/04/12/erwin-schrodinger/</link>
		<pubDate>Fri, 12 Apr 2019 21:20:45 +0000</pubDate>
		<dc:creator><![CDATA[jordan]]></dc:creator>
		<guid isPermaLink="false">http://localhost:8888/final-duplicator/?p=22</guid>
		<description></description>
		<content:encoded>
				<![CDATA[<!-- wp:paragraph -->
<p>From <a href="https://en.wikipedia.org/wiki/Erwin_Schr%C3%B6dinger">Wikipedia</a></p>
<!-- /wp:paragraph -->

<!-- wp:paragraph -->
<p><strong>Erwin Rudolf Josef Alexander Schrödinger</strong> (<a href="https://en.wikipedia.org/wiki/British_English">UK</a>: <a href="https://en.wikipedia.org/wiki/Help:IPA/English">/ˈʃrɜːdɪŋər/</a>, <a href="https://en.wikipedia.org/wiki/American_English">US</a>: <a href="https://en.wikipedia.org/wiki/Help:IPA/English">/ˈʃroʊ-, ˈʃreɪ-/</a>;<sup><a href="https://en.wikipedia.org/wiki/Erwin_Schr%C3%B6dinger#cite_note-3">[3]</a></sup> German: <a href="https://en.wikipedia.org/wiki/Help:IPA/Standard_German">[ˈɛɐ̯viːn ˈʃʁøːdɪŋɐ]</a>; 12 August 1887 – 4 January 1961), sometimes written as <strong>Erwin Schrodinger</strong> or <strong>Erwin Schroedinger</strong>, was a Nobel Prize-winning Austrian <a href="https://en.wikipedia.org/wiki/Physicist">physicist</a> who developed a number of fundamental results in the field of <a href="https://en.wikipedia.org/wiki/Quantum_field_theory">quantum theory</a>: the <a href="https://en.wikipedia.org/wiki/Schr%C3%B6dinger_equation">Schrödinger equation</a> provides a way to calculate the <a href="https://en.wikipedia.org/wiki/Wave_function">wave function</a> of a system and how it changes dynamically in time</p>
<!-- /wp:paragraph -->]]>		</content:encoded>
		<excerpt:encoded>
				<![CDATA[]]>		</excerpt:encoded>
		<wp:post_id>22</wp:post_id>
		<wp:post_date><![CDATA[2019-04-12 21:20:45]]></wp:post_date>
		<wp:post_date_gmt><![CDATA[2019-04-12 21:20:45]]></wp:post_date_gmt>
		<wp:comment_status><![CDATA[open]]></wp:comment_status>
		<wp:ping_status><![CDATA[open]]></wp:ping_status>
		<wp:post_name><![CDATA[erwin-schrodinger]]></wp:post_name>
		<wp:status><![CDATA[publish]]></wp:status>
		<wp:post_parent>0</wp:post_parent>
		<wp:menu_order>0</wp:menu_order>
		<wp:post_type><![CDATA[post]]></wp:post_type>
		<wp:post_password><![CDATA[]]></wp:post_password>
		<wp:is_sticky>0</wp:is_sticky>
										<category domain="category" nicename="uncategorized"><![CDATA[Uncategorized]]></category>
						</item>
				</channel>
</rss>
	